"id","Name","Member.State","Group"
"m_1","Åsa WESTLUND","Sweden","S&D"
"m_2","Ádám KÓSA","Hungary","EPP"
"m_3","Ágnes HANKISS","Hungary","EPP"
"m_4","Adam BIELAN","Poland","ECR"
"m_5","Adam GIEREK","Poland","S&D"
"m_6","Adina-Ioana VĂLEAN","Romania","ALDE/ADLE"
"m_7","Adrian SEVERIN","Romania","NI"
"m_8","Agnès LE BRUN","France","EPP"
"m_9","Agustín DÍAZ DE MERA GARCÍA CONSUEGRA","Spain","EPP"
"m_10","Alain CADEC","France","EPP"
"m_11","Alain LAMASSOURE","France","EPP"
"m_12","Alajos MÉSZÁROS","Slovakia","EPP"
"m_13","Albert DESS","Germany","EPP"
"m_14","Alda SOUSA","Portugal","GUE-NGL"
"m_15","Aldo PATRICIELLO","Italy","EPP"
"m_16","Alejandro CERCAS","Spain","S&D"
"m_17","Alejo VIDAL-QUADRAS","Spain","EPP"
"m_18","Alexander ALVARO","Germany","ALDE/ADLE"
"m_19","Alexander Graf LAMBSDORFF","Germany","ALDE/ADLE"
"m_20","Alexander MIRSKY","Latvia","S&D"
"m_21","Alexandra THEIN","Germany","ALDE/ADLE"
"m_22","Alf SVENSSON","Sweden","EPP"
"m_23","Alfredo ANTONIOZZI","Italy","EPP"
"m_24","Alfredo PALLONE","Italy","EPP"
"m_25","Alfreds RUBIKS","Latvia","GUE-NGL"
"m_26","Algirdas SAUDARGAS","Lithuania","EPP"
"m_27","Alojz PETERLE","Slovenia","EPP"
"m_28","Alyn SMITH","United Kingdom","Greens/EFA"
"m_29","Amalia SARTORI","Italy","EPP"
"m_30","Amelia ANDERSDOTTER","Sweden","Greens/EFA"
"m_31","Ana GOMES","Portugal","S&D"
"m_32","András GYÜRK","Hungary","EPP"
"m_33","Andrés PERELLÓ RODRÍGUEZ","Spain","S&D"
"m_34","Andrea ČEŠKOVÁ","Czech Republic","ECR"
"m_35","Andrea COZZOLINO","Italy","S&D"
"m_36","Andrea ZANONI","Italy","ALDE/ADLE"
"m_37","Andreas MÖLZER","Austria","NI"
"m_38","Andreas PITSILLIDES","Cyprus","EPP"
"m_39","Andreas SCHWAB","Germany","EPP"
"m_40","Andrej PLENKOVIĆ","Croatia","EPP"
"m_41","Andrew DUFF","United Kingdom","ALDE/ADLE"
"m_42","Andrew Henry William BRONS","United Kingdom","NI"
"m_43","Andrey KOVATCHEV","Bulgaria","EPP"
"m_44","Andrzej GRZYB","Poland","EPP"
"m_45","Angelika NIEBLER","Germany","EPP"
"m_46","Angelika WERTHMANN","Austria","ALDE/ADLE"
"m_47","Anja WEISGERBER","Germany","EPP"
"m_48","Anna HEDH","Sweden","S&D"
"m_49","Anna IBRISAGIC","Sweden","EPP"
"m_50","Anna Maria CORAZZA BILDT","Sweden","EPP"
"m_51","Anna ROSBACH","Denmark","ECR"
"m_52","Anna ZÁBORSKÁ","Slovakia","EPP"
"m_53","Anne DELVAUX","Belgium","EPP"
"m_54","Anne E. JENSEN","Denmark","ALDE/ADLE"
"m_55","Anneli JÄÄTTEENMÄKI","Finland","ALDE/ADLE"
"m_56","Annemie NEYTS-UYTTEBROECK","Belgium","ALDE/ADLE"
"m_57","Anni PODIMATA","Greece","S&D"
"m_58","António Fernando CORREIA DE CAMPOS","Portugal","S&D"
"m_59","Anthea McINTYRE","United Kingdom","ECR"
"m_60","Antigoni PAPADOPOULOU","Cyprus","S&D"
"m_61","Antolín SÁNCHEZ PRESEDO","Spain","S&D"
"m_62","Antonello ANTINORO","Italy","EPP"
"m_63","Antonio CANCIAN","Italy","EPP"
"m_64","Antonio LÓPEZ-ISTÚRIZ WHITE","Spain","EPP"
"m_65","Antonio MASIP HIDALGO","Spain","S&D"
"m_66","Antonyia PARVANOVA","Bulgaria","ALDE/ADLE"
"m_67","Arkadiusz Tomasz BRATKOWSKI","Poland","EPP"
"m_68","Arlene McCARTHY","United Kingdom","S&D"
"m_69","Arnaud DANJEAN","France","EPP"
"m_70","Artur ZASADA","Poland","EPP"
"m_71","Ashley FOX","United Kingdom","ECR"
"m_72","Astrid LULLING","Luxembourg","EPP"
"m_73","Auke ZIJLSTRA","Netherlands","NI"
"m_74","Axel VOSS","Germany","EPP"
"m_75","Béla GLATTFELDER","Hungary","EPP"
"m_76","Béla KOVÁCS","Hungary","NI"
"m_77","Barbara LOCHBIHLER","Germany","Greens/EFA"
"m_78","Barbara MATERA","Italy","EPP"
"m_79","Barbara WEILER","Germany","S&D"
"m_80","Baroness Sarah LUDFORD","United Kingdom","ALDE/ADLE"
"m_81","Bart STAES","Belgium","Greens/EFA"
"m_82","Bas EICKHOUT","Netherlands","Greens/EFA"
"m_83","Bastiaan BELDER","Netherlands","EFD"
"m_84","Bendt BENDTSEN","Denmark","EPP"
"m_85","Bernadette VERGNAUD","France","S&D"
"m_86","Bernd LANGE","Germany","S&D"
"m_87","Bernd POSSELT","Germany","EPP"
"m_88","Bernhard RAPKAY","Germany","S&D"
"m_89","Biljana BORZAN","Croatia","S&D"
"m_90","Bill NEWTON DUNN","United Kingdom","ALDE/ADLE"
"m_91","Birgit COLLIN-LANGEN","Germany","EPP"
"m_92","Birgit SCHNIEBER-JASTRAM","Germany","EPP"
"m_93","Birgit SIPPEL","Germany","S&D"
"m_94","Bogdan Kazimierz MARCINKIEWICZ","Poland","EPP"
"m_95","Bogusław LIBERADZKI","Poland","S&D"
"m_96","Bogusław SONIK","Poland","EPP"
"m_97","Boris ZALA","Slovakia","S&D"
"m_98","Brian CROWLEY","Ireland","ALDE/ADLE"
"m_99","Brian SIMPSON","United Kingdom","S&D"
"m_100","Brice HORTEFEUX","France","EPP"
"m_101","Britta REIMERS","Germany","ALDE/ADLE"
"m_102","Britta THOMSEN","Denmark","S&D"
"m_103","Bruno GOLLNISCH","France","NI"
"m_104","Burkhard BALZ","Germany","EPP"
"m_105","Cătălin Sorin IVAN","Romania","S&D"
"m_106","Carl SCHLYTER","Sweden","Greens/EFA"
"m_107","Carlo CASINI","Italy","EPP"
"m_108","Carlo FIDANZA","Italy","EPP"
"m_109","Carlos COELHO","Portugal","EPP"
"m_110","Carlos José ITURGAIZ ANGULO","Spain","EPP"
"m_111","Carmen FRAGA ESTÉVEZ","Spain","EPP"
"m_112","Carmen ROMERO LÓPEZ","Spain","S&D"
"m_113","Catherine BEARDER","United Kingdom","ALDE/ADLE"
"m_114","Catherine GRÈZE","France","Greens/EFA"
"m_115","Catherine STIHLER","United Kingdom","S&D"
"m_116","Catherine TRAUTMANN","France","S&D"
"m_117","Cecilia WIKSTRÖM","Sweden","ALDE/ADLE"
"m_118","Charalampos ANGOURAKIS","Greece","GUE-NGL"
"m_119","Charles GOERENS","Luxembourg","ALDE/ADLE"
"m_120","Charles TANNOCK","United Kingdom","ECR"
"m_121","Chris DAVIES","United Kingdom","ALDE/ADLE"
"m_122","Christa KLASS","Germany","EPP"
"m_123","Christel SCHALDEMOSE","Denmark","S&D"
"m_124","Christian EHLER","Germany","EPP"
"m_125","Christian ENGSTRÖM","Sweden","Greens/EFA"
"m_126","Christine DE VEYRAC","France","EPP"
"m_127","Christofer FJELLNER","Sweden","EPP"
"m_128","Chrysoula PALIADELI","Greece","S&D"
"m_129","Claude MORAES","United Kingdom","S&D"
"m_130","Claude TURMES","Luxembourg","Greens/EFA"
"m_131","Claudette ABELA BALDACCHINO","Malta","S&D"
"m_132","Claudio MORGANTI","Italy","EFD"
"m_133","Claudiu Ciprian TĂNĂSESCU","Romania","S&D"
"m_134","Clemente MASTELLA","Italy","EPP"
"m_135","Constance LE GRIP","France","EPP"
"m_136","Constanze Angela KREHL","Germany","S&D"
"m_137","Corien WORTMANN-KOOL","Netherlands","EPP"
"m_138","Corina CREŢU","Romania","S&D"
"m_139","Corinne LEPAGE","France","ALDE/ADLE"
"m_140","Cornelia ERNST","Germany","GUE-NGL"
"m_141","Cornelis de JONG","Netherlands","GUE-NGL"
"m_142","Corneliu VADIM TUDOR","Romania","NI"
"m_143","Crescenzio RIVELLINI","Italy","EPP"
"m_144","Cristian Dan PREDA","Romania","EPP"
"m_145","Cristiana MUSCARDINI","Italy","ECR"
"m_146","Cristina GUTIÉRREZ-CORTINES","Spain","EPP"
"m_147","Csaba ŐRY","Hungary","EPP"
"m_148","Csaba Sándor TABAJDI","Hungary","S&D"
"m_149","Csaba SÓGOR","Romania","EPP"
"m_150","Csanád SZEGEDI","Hungary","NI"
"m_151","Czesław Adam SIEKIERSKI","Poland","EPP"
"m_152","Daciana Octavia SÂRBU","Romania","S&D"
"m_153","Dagmar ROTH-BEHRENDT","Germany","S&D"
"m_154","Dan Dumitru ZAMFIRESCU","Romania","NI"
"m_155","Dan JØRGENSEN","Denmark","S&D"
"m_156","Daniël van der STOEP","Netherlands","NI"
"m_157","Daniel CASPARY","Germany","EPP"
"m_158","Daniel COHN-BENDIT","France","Greens/EFA"
"m_159","Daniel HANNAN","United Kingdom","ECR"
"m_160","Danuta JAZŁOWIECKA","Poland","EPP"
"m_161","Danuta Maria HÜBNER","Poland","EPP"
"m_162","David-Maria SASSOLI","Italy","S&D"
"m_163","David CAMPBELL BANNERMAN","United Kingdom","ECR"
"m_164","David CASA","Malta","EPP"
"m_165","David MARTIN","United Kingdom","S&D"
"m_166","Davor Ivo STIER","Croatia","EPP"
"m_167","Derek Roland CLARK","United Kingdom","EFD"
"m_168","Derek VAUGHAN","United Kingdom","S&D"
"m_169","Derk Jan EPPINK","Belgium","ECR"
"m_170","Diane DODDS","United Kingdom","NI"
"m_171","Dieter-Lebrecht KOCH","Germany","EPP"
"m_172","Dimitar STOYANOV","Bulgaria","NI"
"m_173","Dimitrios DROUTSAS","Greece","S&D"
"m_174","Diogo FEIO","Portugal","EPP"
"m_175","Dolores GARCÍA-HIERRO CARABALLO","Spain","S&D"
"m_176","Dominique RIQUET","France","EPP"
"m_177","Dominique VLASTO","France","EPP"
"m_178","Doris PACK","Germany","EPP"
"m_179","Dubravka ŠUICA","Croatia","EPP"
"m_180","Edit BAUER","Slovakia","EPP"
"m_181","Edit HERCZOG","Hungary","S&D"
"m_182","Edite ESTRELA","Portugal","S&D"
"m_183","Eduard-Raul HELLVIG","Romania","ALDE/ADLE"
"m_184","Eduard KUKAN","Slovakia","EPP"
"m_185","Edvard KOŽUŠNÍK","Czech Republic","ECR"
"m_186","Edward McMILLAN-SCOTT","United Kingdom","ALDE/ADLE"
"m_187","Eider GARDIAZÁBAL RUBIAL","Spain","S&D"
"m_188","Eija-Riitta KORHOLA","Finland","EPP"
"m_189","Elżbieta Katarzyna ŁUKACIJEWSKA","Poland","EPP"
"m_190","Elena BĂSESCU","Romania","EPP"
"m_191","Elena Oana ANTONESCU","Romania","EPP"
"m_192","Eleni THEOCHAROUS","Cyprus","EPP"
"m_193","Elisa FERREIRA","Portugal","S&D"
"m_194","Elisabeth JEGGLE","Germany","EPP"
"m_195","Elisabeth KÖSTINGER","Austria","EPP"
"m_196","Elisabeth MORIN-CHARTIER","France","EPP"
"m_197","Elisabeth SCHROEDTER","Germany","Greens/EFA"
"m_198","Elisabetta GARDINI","Italy","EPP"
"m_199","Elmar BROK","Germany","EPP"
"m_200","Emer COSTELLO","Ireland","S&D"
"m_201","Emilie TURUNEN","Denmark","S&D"
"m_202","Emilio MENÉNDEZ del VALLE","Spain","S&D"
"m_203","Emine BOZKURT","Netherlands","S&D"
"m_204","Emma McCLARKIN","United Kingdom","ECR"
"m_205","Enrique GUERRERO SALOM","Spain","S&D"
"m_206","Eric ANDRIEU","France","S&D"
"m_207","Erik BÁNKI","Hungary","EPP"
"m_208","Erminia MAZZONI","Italy","EPP"
"m_209","Esther de LANGE","Netherlands","EPP"
"m_210","Esther HERRANZ GARCÍA","Spain","EPP"
"m_211","Eva JOLY","France","Greens/EFA"
"m_212","Eva LICHTENBERGER","Austria","Greens/EFA"
"m_213","Eva ORTIZ VILELLA","Spain","EPP"
"m_214","Evžen TOŠENOVSKÝ","Czech Republic","ECR"
"m_215","Evelyn REGNER","Austria","S&D"
"m_216","Evelyne GEBHARDT","Germany","S&D"
"m_217","Evgeni KIRILOV","Bulgaria","S&D"
"m_218","Ewald STADLER","Austria","NI"
"m_219","Fabrizio BERTOT","Italy","EPP"
"m_220","Filip KACZMAREK","Poland","EPP"
"m_221","Filiz Hakaeva HYUSMENOVA","Bulgaria","ALDE/ADLE"
"m_222","Fiona HALL","United Kingdom","ALDE/ADLE"
"m_223","Fiorello PROVERA","Italy","EFD"
"m_224","Frédéric DAERDEN","Belgium","S&D"
"m_225","Frédérique RIES","Belgium","ALDE/ADLE"
"m_226","François ALFONSI","France","Greens/EFA"
"m_227","Françoise CASTEX","France","S&D"
"m_228","Françoise GROSSETÊTE","France","EPP"
"m_229","Francesca BALZANI","Italy","S&D"
"m_230","Francesca BARRACCIU","Italy","S&D"
"m_231","Francesco DE ANGELIS","Italy","S&D"
"m_232","Francesco Enrico SPERONI","Italy","EFD"
"m_233","Francisco José MILLÁN MON","Spain","EPP"
"m_234","Francisco SOSA WAGNER","Spain","NI"
"m_235","Franck PROUST","France","EPP"
"m_236","Franco BONANINI","Italy","NI"
"m_237","Franco FRIGO","Italy","S&D"
"m_238","Frank ENGEL","Luxembourg","EPP"
"m_239","Frank VANHECKE","Belgium","EFD"
"m_240","Franz OBERMAYR","Austria","NI"
"m_241","Franziska Katharina BRANTNER","Germany","Greens/EFA"
"m_242","Franziska KELLER","Germany","Greens/EFA"
"m_243","Göran FÄRM","Sweden","S&D"
"m_244","Gabriel MATO ADROVER","Spain","EPP"
"m_245","Gabriele ZIMMER","Germany","GUE-NGL"
"m_246","Gaston FRANCO","France","EPP"
"m_247","Gay MITCHELL","Ireland","EPP"
"m_248","Geoffrey VAN ORDEN","United Kingdom","ECR"
"m_249","George LYON","United Kingdom","ALDE/ADLE"
"m_250","George Sabin CUTAŞ","Romania","S&D"
"m_251","Georges BACH","Luxembourg","EPP"
"m_252","Georgios KOUMOUTSAKOS","Greece","EPP"
"m_253","Georgios PAPANIKOLAOU","Greece","EPP"
"m_254","Georgios PAPASTAMKOS","Greece","EPP"
"m_255","Georgios STAVRAKAKIS","Greece","S&D"
"m_256","Georgios TOUSSAS","Greece","GUE-NGL"
"m_257","Gerald HÄFNER","Germany","Greens/EFA"
"m_258","Gerard BATTEN","United Kingdom","EFD"
"m_259","Gerben-Jan GERBRANDY","Netherlands","ALDE/ADLE"
"m_260","Gesine MEISSNER","Germany","ALDE/ADLE"
"m_261","Giancarlo SCOTTÀ","Italy","EFD"
"m_262","Gianni PITTELLA","Italy","S&D"
"m_263","Gianni VATTIMO","Italy","ALDE/ADLE"
"m_264","Giles CHICHESTER","United Kingdom","ECR"
"m_265","Gilles PARGNEAUX","France","S&D"
"m_266","Gino TREMATERRA","Italy","EPP"
"m_267","Giommaria UGGIAS","Italy","ALDE/ADLE"
"m_268","Giovanni LA VIA","Italy","EPP"
"m_269","Giuseppe GARGANI","Italy","EPP"
"m_270","Glenis WILLMOTT","United Kingdom","S&D"
"m_271","Godelieve QUISTHOUDT-ROWOHL","Germany","EPP"
"m_272","Godfrey BLOOM","United Kingdom","EFD"
"m_273","Guido MILANA","Italy","S&D"
"m_274","Gunnar HÖKMARK","Sweden","EPP"
"m_275","Guy VERHOFSTADT","Belgium","ALDE/ADLE"
"m_276","György SCHÖPFLIN","Hungary","EPP"
"m_277","Hélène FLAUTRE","France","Greens/EFA"
"m_278","Hannes SWOBODA","Austria","S&D"
"m_279","Hannu TAKKULA","Finland","ALDE/ADLE"
"m_280","Hans-Gert PÖTTERING","Germany","EPP"
"m_281","Hans-Peter MARTIN","Austria","NI"
"m_282","Hans-Peter MAYER","Germany","EPP"
"m_283","Harlem DÉSIR","France","S&D"
"m_284","Heide RÜHLE","Germany","Greens/EFA"
"m_285","Heinz K. BECKER","Austria","EPP"
"m_286","Helga TRÜPEL","Germany","Greens/EFA"
"m_287","Helmut SCHOLZ","Germany","GUE-NGL"
"m_288","Henri WEBER","France","S&D"
"m_289","Herbert DORFMANN","Italy","EPP"
"m_290","Herbert REUL","Germany","EPP"
"m_291","Hermann WINKLER","Germany","EPP"
"m_292","Holger KRAHMER","Germany","ALDE/ADLE"
"m_293","Horst SCHNELLHARDT","Germany","EPP"
"m_294","Hubert PIRKER","Austria","EPP"
"m_295","Hynek FAJMON","Czech Republic","ECR"
"m_296","Iñaki IRAZABALBEITIA FERNÁNDEZ","Spain","Greens/EFA"
"m_297","Ian HUDGHTON","United Kingdom","Greens/EFA"
"m_298","Ildikó GÁLL-PELCZ","Hungary","EPP"
"m_299","Iliana Malinova IOTOVA","Bulgaria","S&D"
"m_300","Inés AYALA SENDER","Spain","S&D"
"m_301","Inês Cristina ZUBER","Portugal","GUE-NGL"
"m_302","Indrek TARAND","Estonia","Greens/EFA"
"m_303","Inese VAIDERE","Latvia","EPP"
"m_304","Ingeborg GRÄSSLE","Germany","EPP"
"m_305","Ioan ENCIU","Romania","S&D"
"m_306","Ioan Mircea PAŞCU","Romania","S&D"
"m_307","Ioannis A. TSOUKALAS","Greece","EPP"
"m_308","Iosif MATULA","Romania","EPP"
"m_309","Iratxe GARCÍA PÉREZ","Spain","S&D"
"m_310","Isabella LÖVIN","Sweden","Greens/EFA"
"m_311","Isabelle DURANT","Belgium","Greens/EFA"
"m_312","Isabelle THOMAS","France","S&D"
"m_313","Ismail ERTUG","Germany","S&D"
"m_314","Iuliu WINKLER","Romania","EPP"
"m_315","Iva ZANICCHI","Italy","EPP"
"m_316","Ivailo KALFIN","Bulgaria","S&D"
"m_317","Ivana MALETIĆ","Croatia","EPP"
"m_318","Ivari PADAR","Estonia","S&D"
"m_319","Ivars GODMANIS","Latvia","ALDE/ADLE"
"m_320","Ivo BELET","Belgium","EPP"
"m_321","Ivo STREJČEK","Czech Republic","ECR"
"m_322","Ivo VAJGL","Slovenia","ALDE/ADLE"
"m_323","Izaskun BILBAO BARANDICA","Spain","ALDE/ADLE"
"m_324","Jörg LEICHTFRIED","Austria","S&D"
"m_325","Jürgen CREUTZMANN","Germany","ALDE/ADLE"
"m_326","Jürgen KLUTE","Germany","GUE-NGL"
"m_327","József SZÁJER","Hungary","EPP"
"m_328","Jacek Olgierd KURSKI","Poland","EFD"
"m_329","Jacek PROTASIEWICZ","Poland","EPP"
"m_330","Jacek SARYUSZ-WOLSKI","Poland","EPP"
"m_331","Jacek WŁOSOWICZ","Poland","EFD"
"m_332","Jacky HÉNIN","France","GUE-NGL"
"m_333","Jacqueline FOSTER","United Kingdom","ECR"
"m_334","Jaime MAYOR OREJA","Spain","EPP"
"m_335","James ELLES","United Kingdom","ECR"
"m_336","James NICHOLSON","United Kingdom","ECR"
"m_337","Jan BŘEZINA","Czech Republic","EPP"
"m_338","Jan KOZŁOWSKI","Poland","EPP"
"m_339","Jan MULDER","Netherlands","ALDE/ADLE"
"m_340","Jan OLBRYCHT","Poland","EPP"
"m_341","Jan Philipp ALBRECHT","Germany","Greens/EFA"
"m_342","Jan ZAHRADIL","Czech Republic","ECR"
"m_343","Janusz Władysław ZEMKE","Poland","S&D"
"m_344","Janusz WOJCIECHOWSKI","Poland","ECR"
"m_345","Jaromír KOHLÍČEK","Czech Republic","GUE-NGL"
"m_346","Jarosław KALINOWSKI","Poland","EPP"
"m_347","Jarosław Leszek WAŁĘSA","Poland","EPP"
"m_348","Jaroslav PAŠKA","Slovakia","EFD"
"m_349","Jean-Jacob BICEP","France","Greens/EFA"
"m_350","Jean-Luc BENNAHMIAS","France","ALDE/ADLE"
"m_351","Jean-Luc DEHAENE","Belgium","EPP"
"m_352","Jean-Luc MÉLENCHON","France","GUE-NGL"
"m_353","Jean-Marie CAVADA","France","EPP"
"m_354","Jean-Marie LE PEN","France","NI"
"m_355","Jean-Paul BESSET","France","Greens/EFA"
"m_356","Jean-Paul GAUZÈS","France","EPP"
"m_357","Jean-Pierre AUDY","France","EPP"
"m_358","Jean LAMBERT","United Kingdom","Greens/EFA"
"m_359","Jean Louis COTTIGNY","France","S&D"
"m_360","Jean ROATTA","France","EPP"
"m_361","Jelko KACIN","Slovenia","ALDE/ADLE"
"m_362","Jens GEIER","Germany","S&D"
"m_363","Jens NILSSON","Sweden","S&D"
"m_364","Jens ROHDE","Denmark","ALDE/ADLE"
"m_365","Jerzy BUZEK","Poland","EPP"
"m_366","Jiří MAŠTÁLKA","Czech Republic","GUE-NGL"
"m_367","Jill EVANS","United Kingdom","Greens/EFA"
"m_368","Jim HIGGINS","Ireland","EPP"
"m_369","Jo LEINEN","Germany","S&D"
"m_370","João FERREIRA","Portugal","GUE-NGL"
"m_371","Joachim ZELLER","Germany","EPP"
"m_372","Joanna Katarzyna SKRZYDLEWSKA","Poland","EPP"
"m_373","Joanna SENYSZYN","Poland","S&D"
"m_374","Johannes Cornelis van BAALEN","Netherlands","ALDE/ADLE"
"m_375","John ATTARD-MONTALTO","Malta","S&D"
"m_376","John BUFTON","United Kingdom","EFD"
"m_377","John Stuart AGNEW","United Kingdom","EFD"
"m_378","Jolanta Emilia HIBNER","Poland","EPP"
"m_379","Jorgo CHATZIMARKAKIS","Germany","ALDE/ADLE"
"m_380","José BOVÉ","France","Greens/EFA"
"m_381","José Ignacio SALAFRANCA SÁNCHEZ-NEYRA","Spain","EPP"
"m_382","José Manuel FERNANDES","Portugal","EPP"
"m_383","Josef WEIDENHOLZER","Austria","S&D"
"m_384","Josefa ANDRÉS BAREA","Spain","S&D"
"m_385","Joseph CUSCHIERI","Malta","S&D"
"m_386","Joseph DAUL","France","EPP"
"m_387","Juan Andrés NARANJO ESCOBAR","Spain","EPP"
"m_388","Juan Fernando LÓPEZ AGUILAR","Spain","S&D"
"m_389","Judith A. MERKIES","Netherlands","S&D"
"m_390","Judith SARGENTINI","Netherlands","Greens/EFA"
"m_391","Julie GIRLING","United Kingdom","ECR"
"m_392","Juozas IMBRASAS","Lithuania","EFD"
"m_393","Justas Vincas PALECKIS","Lithuania","S&D"
"m_394","Justina VITKAUSKAITE BERNARD","Lithuania","ALDE/ADLE"
"m_395","Jutta HAUG","Germany","S&D"
"m_396","Jutta STEINRUCK","Germany","S&D"
"m_397","Kārlis ŠADURSKIS","Latvia","EPP"
"m_398","Karim ZÉRIBI","France","Greens/EFA"
"m_399","Karima DELLI","France","Greens/EFA"
"m_400","Karin KADENBACH","Austria","S&D"
"m_401","Karl-Heinz FLORENZ","Germany","EPP"
"m_402","Kartika Tamara LIOTARD","Netherlands","GUE-NGL"
"m_403","Katarína NEVEĎALOVÁ","Slovakia","S&D"
"m_404","Kathleen VAN BREMPT","Belgium","S&D"
"m_405","Kay SWINBURNE","United Kingdom","ECR"
"m_406","Keith TAYLOR","United Kingdom","Greens/EFA"
"m_407","Kent JOHANSSON","Sweden","ALDE/ADLE"
"m_408","Kerstin WESTPHAL","Germany","S&D"
"m_409","Kinga GÖNCZ","Hungary","S&D"
"m_410","Kinga GÁL","Hungary","EPP"
"m_411","Klaus-Heiner LEHNE","Germany","EPP"
"m_412","Knut FLECKENSTEIN","Germany","S&D"
"m_413","Konrad SZYMAŃSKI","Poland","ECR"
"m_414","Konstantinos POUPAKIS","Greece","EPP"
"m_415","Krišjānis KARIŅŠ","Latvia","EPP"
"m_416","Kristiina OJULAND","Estonia","ALDE/ADLE"
"m_417","Krisztina MORVAI","Hungary","NI"
"m_418","Kriton ARSENIS","Greece","S&D"
"m_419","Krzysztof LISEK","Poland","EPP"
"m_420","Kyriacos TRIANTAPHYLLIDES","Cyprus","GUE-NGL"
"m_421","László SURJÁN","Hungary","EPP"
"m_422","László TŐKÉS","Romania","EPP"
"m_423","Laima Liucija ANDRIKIENĖ","Lithuania","EPP"
"m_424","Lajos BOKROS","Hungary","ECR"
"m_425","Lambert van NISTELROOIJ","Netherlands","EPP"
"m_426","Lara COMI","Italy","EPP"
"m_427","Laurence J.A.J. STASSEN","Netherlands","NI"
"m_428","Lívia JÁRÓKA","Hungary","EPP"
"m_429","Lena KOLARSKA-BOBIŃSKA","Poland","EPP"
"m_430","Leonardo DOMENICI","Italy","S&D"
"m_431","Leonidas DONSKIS","Lithuania","ALDE/ADLE"
"m_432","Liam AYLWARD","Ireland","ALDE/ADLE"
"m_433","Libor ROUČEK","Czech Republic","S&D"
"m_434","Licia RONZULLI","Italy","EPP"
"m_435","Lidia Joanna GERINGER de OEDENBERG","Poland","S&D"
"m_436","Liem HOANG NGOC","France","S&D"
"m_437","Liisa JAAKONSAARI","Finland","S&D"
"m_438","Linda McAVAN","United Kingdom","S&D"
"m_439","Lorenzo FONTANA","Italy","EFD"
"m_440","Louis MICHEL","Belgium","ALDE/ADLE"
"m_441","Luís Paulo ALVES","Portugal","S&D"
"m_442","Lucas HARTONG","Netherlands","NI"
"m_443","Luigi BERLINGUER","Italy","S&D"
"m_444","Luigi Ciriaco DE MITA","Italy","EPP"
"m_445","Luis de GRANDES PASCUAL","Spain","EPP"
"m_446","Luis Manuel CAPOULAS SANTOS","Portugal","S&D"
"m_447","Luis YÁÑEZ-BARNUEVO GARCÍA","Spain","S&D"
"m_448","Mário DAVID","Portugal","EPP"
"m_449","Małgorzata HANDZLIK","Poland","EPP"
"m_450","Magdi Cristiano ALLAM","Italy","EFD"
"m_451","Mairead McGUINNESS","Ireland","EPP"
"m_452","Malcolm HARBOUR","United Kingdom","ECR"
"m_453","Malika BENARAB-ATTOU","France","Greens/EFA"
"m_454","Manfred WEBER","Germany","EPP"
"m_455","Mara BIZZOTTO","Italy","EFD"
"m_456","María Auxiliadora CORREA ZAMORA","Spain","EPP"
"m_457","María IRIGOYEN PÉREZ","Spain","S&D"
"m_458","María MUÑIZ DE URQUIZA","Spain","S&D"
"m_459","Marc TARABELLA","Belgium","S&D"
"m_460","Marco SCURRIA","Italy","EPP"
"m_461","Marek Henryk MIGALSKI","Poland","ECR"
"m_462","Marek Józef GRÓBARCZYK","Poland","ECR"
"m_463","Marek SIWIEC","Poland","S&D"
"m_464","Margrete AUKEN","Denmark","Greens/EFA"
"m_465","Maria BADIA i CUTCHET","Spain","S&D"
"m_466","Maria Da Graça CARVALHO","Portugal","EPP"
"m_467","Maria do Céu PATRÃO NEVES","Portugal","EPP"
"m_468","Maria Eleni KOPPA","Greece","S&D"
"m_469","Marian-Jean MARINESCU","Romania","EPP"
"m_470","Marian HARKIN","Ireland","ALDE/ADLE"
"m_471","Marianne THYSSEN","Belgium","EPP"
"m_472","Marie-Christine VERGIAT","France","GUE-NGL"
"m_473","Marie-Thérèse SANCHEZ-SCHMID","France","EPP"
"m_474","Marielle de SARNEZ","France","ALDE/ADLE"
"m_475","Marielle GALLO","France","EPP"
"m_476","Marietje SCHAAKE","Netherlands","ALDE/ADLE"
"m_477","Marietta GIANNAKOU","Greece","EPP"
"m_478","Marije CORNELISSEN","Netherlands","Greens/EFA"
"m_479","Marina YANNAKOUDAKIS","United Kingdom","ECR"
"m_480","Marine LE PEN","France","NI"
"m_481","Marino BALDINI","Croatia","S&D"
"m_482","Mario BORGHEZIO","Italy","NI"
"m_483","Mario PIRILLO","Italy","S&D"
"m_484","Marisa MATIAS","Portugal","GUE-NGL"
"m_485","Marit PAULSEN","Sweden","ALDE/ADLE"
"m_486","Marita ULVSKOG","Sweden","S&D"
"m_487","Mariya GABRIEL","Bulgaria","EPP"
"m_488","Mark DEMESMAEKER","Belgium","Greens/EFA"
"m_489","Markus FERBER","Germany","EPP"
"m_490","Markus PIEPER","Germany","EPP"
"m_491","Marlene MIZZI","Malta","S&D"
"m_492","Marta ANDREASEN","United Kingdom","ECR"
"m_493","Martin CALLANAN","United Kingdom","ECR"
"m_494","Martin EHRENHAUSER","Austria","NI"
"m_495","Martin HÄUSLING","Germany","Greens/EFA"
"m_496","Martin KASTLER","Germany","EPP"
"m_497","Martin SCHULZ","Germany","S&D"
"m_498","Martina ANDERSON","United Kingdom","GUE-NGL"
"m_499","Martina MICHELS","Germany","GUE-NGL"
"m_500","Marusya LYUBCHEVA","Bulgaria","S&D"
"m_501","Mary HONEYBALL","United Kingdom","S&D"
"m_502","Mathieu GROSCH","Belgium","EPP"
"m_503","Matteo SALVINI","Italy","EFD"
"m_504","Matthias GROOTE","Germany","S&D"
"m_505","Maurice PONGA","France","EPP"
"m_506","Metin KAZAK","Bulgaria","ALDE/ADLE"
"m_507","Michèle RIVASI","France","Greens/EFA"
"m_508","Michèle STRIFFLER","France","EPP"
"m_509","Michał Tomasz KAMIŃSKI","Poland","ECR"
"m_510","Michael CASHMAN","United Kingdom","S&D"
"m_511","Michael CRAMER","Germany","Greens/EFA"
"m_512","Michael GAHLER","Germany","EPP"
"m_513","Michael THEURER","Germany","ALDE/ADLE"
"m_514","Michel DANTIN","France","EPP"
"m_515","Miguel Angel MARTÍNEZ MARTÍNEZ","Spain","S&D"
"m_516","Mikael GUSTAFSSON","Sweden","GUE-NGL"
"m_517","Mike NATTRASS","United Kingdom","EFD"
"m_518","Milan CABRNOCH","Czech Republic","ECR"
"m_519","Milan ZVER","Slovenia","EPP"
"m_520","Miloslav RANSDORF","Czech Republic","GUE-NGL"
"m_521","Minodora CLIVETI","Romania","S&D"
"m_522","Mirosław PIOTROWSKI","Poland","ECR"
"m_523","Miroslav MIKOLÁŠIK","Slovakia","EPP"
"m_524","Miroslav OUZKÝ","Czech Republic","ECR"
"m_525","Mitro REPO","Finland","S&D"
"m_526","Mojca KLEVA KEKUŠ","Slovenia","S&D"
"m_527","Monica Luisa MACOVEI","Romania","EPP"
"m_528","Monika FLAŠÍKOVÁ BEŇOVÁ","Slovakia","S&D"
"m_529","Monika HOHLMEIER","Germany","EPP"
"m_530","Monika PANAYOTOVA","Bulgaria","EPP"
"m_531","Monika SMOLKOVÁ","Slovakia","S&D"
"m_532","Morten LØKKEGAARD","Denmark","ALDE/ADLE"
"m_533","Morten MESSERSCHMIDT","Denmark","EFD"
"m_534","Nadezhda NEYNSKY","Bulgaria","EPP"
"m_535","Nadja HIRSCH","Germany","ALDE/ADLE"
"m_536","Nathalie GRIESBECK","France","ALDE/ADLE"
"m_537","Nessa CHILDERS","Ireland","S&D"
"m_538","Niccolò RINALDI","Italy","ALDE/ADLE"
"m_539","Nick GRIFFIN","United Kingdom","NI"
"m_540","Nicole KIIL-NIELSEN","France","Greens/EFA"
"m_541","Nicole SINCLAIRE","United Kingdom","NI"
"m_542","Nigel FARAGE","United Kingdom","EFD"
"m_543","Niki TZAVELA","Greece","EFD"
"m_544","Nikola VULJANIĆ","Croatia","GUE-NGL"
"m_545","Nikolaos CHOUNTIS","Greece","GUE-NGL"
"m_546","Nikolaos SALAVRAKOS","Greece","EFD"
"m_547","Nikos CHRYSOGELOS","Greece","Greens/EFA"
"m_548","Nils TORVALDS","Finland","ALDE/ADLE"
"m_549","Nirj DEVA","United Kingdom","ECR"
"m_550","Nora BERRA","France","EPP"
"m_551","Norbert GLANTE","Germany","S&D"
"m_552","Norbert NEUSER","Germany","S&D"
"m_553","Norica NICOLAI","Romania","ALDE/ADLE"
"m_554","Nuno MELO","Portugal","EPP"
"m_555","Nuno TEIXEIRA","Portugal","EPP"
"m_556","Oldřich VLASÁK","Czech Republic","ECR"
"m_557","Ole CHRISTENSEN","Denmark","S&D"
"m_558","Oleg VALJALO","Croatia","S&D"
"m_559","Olga SEHNALOVÁ","Czech Republic","S&D"
"m_560","Olle LUDVIGSSON","Sweden","S&D"
"m_561","Olle SCHMIDT","Sweden","ALDE/ADLE"
"m_562","Oreste ROSSI","Italy","NI"
"m_563","Othmar KARAS","Austria","EPP"
"m_564","Ovidiu Ioan SILAGHI","Romania","ALDE/ADLE"
"m_565","Pablo ARIAS ECHEVERRÍA","Spain","EPP"
"m_566","Pablo ZALBA BIDEGAIN","Spain","EPP"
"m_567","Paolo BARTOLOZZI","Italy","EPP"
"m_568","Paolo DE CASTRO","Italy","S&D"
"m_569","Pat the Cope GALLAGHER","Ireland","ALDE/ADLE"
"m_570","Patrice TIROLIEN","France","S&D"
"m_571","Patricia van der KAMMEN","Netherlands","NI"
"m_572","Patrick LE HYARIC","France","GUE-NGL"
"m_573","Patrizia TOIA","Italy","S&D"
"m_574","Paul MURPHY","Ireland","GUE-NGL"
"m_575","Paul NUTTALL","United Kingdom","EFD"
"m_576","Paul RÜBIG","Austria","EPP"
"m_577","Paulo RANGEL","Portugal","EPP"
"m_578","Pavel POC","Czech Republic","S&D"
"m_579","Paweł Robert KOWAL","Poland","ECR"
"m_580","Paweł ZALEWSKI","Poland","EPP"
"m_581","Pervenche BERÈS","France","S&D"
"m_582","Peter ŠŤASTNÝ","Slovakia","EPP"
"m_583","Peter JAHR","Germany","EPP"
"m_584","Peter LIESE","Germany","EPP"
"m_585","Peter SIMON","Germany","S&D"
"m_586","Peter SKINNER","United Kingdom","S&D"
"m_587","Peter van DALEN","Netherlands","ECR"
"m_588","Petra KAMMEREVERT","Germany","S&D"
"m_589","Petri SARVAMAA","Finland","EPP"
"m_590","Petru Constantin LUHAN","Romania","EPP"
"m_591","Phil BENNION","United Kingdom","ALDE/ADLE"
"m_592","Phil PRENDERGAST","Ireland","S&D"
"m_593","Philip BRADBOURN","United Kingdom","ECR"
"m_594","Philip CLAEYS","Belgium","NI"
"m_595","Philippe BOULLAND","France","EPP"
"m_596","Philippe DE BACKER","Belgium","ALDE/ADLE"
"m_597","Philippe de VILLIERS","France","EFD"
"m_598","Philippe JUVIN","France","EPP"
"m_599","Philippe LAMBERTS","Belgium","Greens/EFA"
"m_600","Pier Antonio PANZERI","Italy","S&D"
"m_601","Pilar AYUSO","Spain","EPP"
"m_602","Pilar del CASTILLO VERA","Spain","EPP"
"m_603","Pino ARLACCHI","Italy","S&D"
"m_604","Piotr BORYS","Poland","EPP"
"m_605","Potito SALATTO","Italy","EPP"
"m_606","Preslav BORISSOV","Bulgaria","EPP"
"m_607","Róża Gräfin von THUN UND HOHENSTEIN","Poland","EPP"
"m_608","Raül ROMEVA i RUEDA","Spain","Greens/EFA"
"m_609","Rachida DATI","France","EPP"
"m_610","Radvilė MORKŪNAITĖ-MIKULĖNIENĖ","Lithuania","EPP"
"m_611","Rafał TRZASKOWSKI","Poland","EPP"
"m_612","Raffaele BALDASSARRE","Italy","EPP"
"m_613","Raimon OBIOLS","Spain","S&D"
"m_614","Rainer WIELAND","Germany","EPP"
"m_615","Ramon TREMOSA i BALCELLS","Spain","ALDE/ADLE"
"m_616","Rareş-Lucian NICULESCU","Romania","EPP"
"m_617","Rebecca HARMS","Germany","Greens/EFA"
"m_618","Rebecca TAYLOR","United Kingdom","ALDE/ADLE"
"m_619","Regina BASTOS","Portugal","EPP"
"m_620","Reimer BÖGE","Germany","EPP"
"m_621","Reinhard BÜTIKOFER","Germany","Greens/EFA"
"m_622","Renate SOMMER","Germany","EPP"
"m_623","Renate WEBER","Romania","ALDE/ADLE"
"m_624","Ria OOMEN-RUIJTEN","Netherlands","EPP"
"m_625","Ricardo CORTÉS LASTRA","Spain","S&D"
"m_626","Richard ASHWORTH","United Kingdom","ECR"
"m_627","Richard FALBR","Czech Republic","S&D"
"m_628","Richard HOWITT","United Kingdom","S&D"
"m_629","Richard SEEBER","Austria","EPP"
"m_630","Riikka PAKARINEN","Finland","ALDE/ADLE"
"m_631","Rita BORSELLINO","Italy","S&D"
"m_632","Robert DUŠEK","Czech Republic","S&D"
"m_633","Robert GOEBBELS","Luxembourg","S&D"
"m_634","Robert ROCHEFORT","France","ALDE/ADLE"
"m_635","Robert STURDY","United Kingdom","ECR"
"m_636","Roberta ANGELILLI","Italy","EPP"
"m_637","Roberta METSOLA","Malta","EPP"
"m_638","Roberto GUALTIERI","Italy","S&D"
"m_639","Roberts ZĪLE","Latvia","ECR"
"m_640","Rodi KRATSA-TSAGAROPOULOU","Greece","EPP"
"m_641","Roger HELMER","United Kingdom","EFD"
"m_642","Rolandas PAKSAS","Lithuania","EFD"
"m_643","Romana JORDAN","Slovenia","EPP"
"m_644","Rosa ESTARÀS FERRAGUT","Spain","EPP"
"m_645","Ruža TOMAŠIĆ","Croatia","ECR"
"m_646","Rui TAVARES","Portugal","Greens/EFA"
"m_647","Ryszard Antoni LEGUTKO","Poland","ECR"
"m_648","Ryszard CZARNECKI","Poland","ECR"
"m_649","Søren Bo SØNDERGAARD","Denmark","GUE-NGL"
"m_650","Sławomir NITRAS","Poland","EPP"
"m_651","Saïd EL KHADRAOUI","Belgium","S&D"
"m_652","Sabine LÖSING","Germany","GUE-NGL"
"m_653","Sabine VERHEYEN","Germany","EPP"
"m_654","Sabine WILS","Germany","GUE-NGL"
"m_655","Sajjad KARIM","United Kingdom","ECR"
"m_656","Salvador GARRIGA POLLEDO","Spain","EPP"
"m_657","Salvador SEDÓ i ALABART","Spain","EPP"
"m_658","Salvatore CARONNA","Italy","S&D"
"m_659","Salvatore IACOLINO","Italy","EPP"
"m_660","Salvatore TATARELLA","Italy","EPP"
"m_661","Sampo TERHO","Finland","EFD"
"m_662","Sandra KALNIETE","Latvia","EPP"
"m_663","Sandra PETROVIĆ JAKOVINA","Croatia","S&D"
"m_664","Sandrine BÉLIER","France","Greens/EFA"
"m_665","Santiago FISAS AYXELA","Spain","EPP"
"m_666","Sari ESSAYAH","Finland","EPP"
"m_667","Satu HASSI","Finland","Greens/EFA"
"m_668","Seán KELLY","Ireland","EPP"
"m_669","Sebastian Valentin BODU","Romania","EPP"
"m_670","Sergej KOZLÍK","Slovakia","ALDE/ADLE"
"m_671","Sergio BERLATO","Italy","EPP"
"m_672","Sergio Gaetano COFFERATI","Italy","S&D"
"m_673","Sergio GUTIÉRREZ PRIETO","Spain","S&D"
"m_674","Sergio Paolo Francesco SILVESTRIS","Italy","EPP"
"m_675","Sharon BOWLES","United Kingdom","ALDE/ADLE"
"m_676","Sidonia Elżbieta JĘDRZEJEWSKA","Poland","EPP"
"m_677","Siiri OVIIR","Estonia","ALDE/ADLE"
"m_678","Silvana KOCH-MEHRIN","Germany","ALDE/ADLE"
"m_679","Silvia-Adriana ŢICĂU","Romania","S&D"
"m_680","Silvia COSTA","Italy","S&D"
"m_681","Sir Graham WATSON","United Kingdom","ALDE/ADLE"
"m_682","Sir Robert ATKINS","United Kingdom","ECR"
"m_683","Sirpa PIETIKÄINEN","Finland","EPP"
"m_684","Slavi BINEV","Bulgaria","EFD"
"m_685","Sonia ALFANO","Italy","ALDE/ADLE"
"m_686","Sophia in 't VELD","Netherlands","ALDE/ADLE"
"m_687","Sophie AUCONIE","France","EPP"
"m_688","Sophocles SOPHOCLEOUS","Cyprus","S&D"
"m_689","Spyros DANELLIS","Greece","S&D"
"m_690","Stanimir ILCHEV","Bulgaria","ALDE/ADLE"
"m_691","Stephen HUGHES","United Kingdom","S&D"
"m_692","Struan STEVENSON","United Kingdom","ECR"
"m_693","Susy DE MARTINI","Italy","ECR"
"m_694","Sven GIEGOLD","Germany","Greens/EFA"
"m_695","Svetoslav Hristov MALINOV","Bulgaria","EPP"
"m_696","Syed KAMALL","United Kingdom","ECR"
"m_697","Sylvana RAPTI","Greece","S&D"
"m_698","Sylvie GOULARD","France","ALDE/ADLE"
"m_699","Sylvie GUILLAUME","France","S&D"
"m_700","Tadeusz CYMAŃSKI","Poland","EFD"
"m_701","Tadeusz ZWIEFKA","Poland","EPP"
"m_702","Takis HADJIGEORGIOU","Cyprus","GUE-NGL"
"m_703","Tamás DEUTSCH","Hungary","EPP"
"m_704","Tanja FAJON","Slovenia","S&D"
"m_705","Tarja CRONBERG","Finland","Greens/EFA"
"m_706","Tatjana ŽDANOKA","Latvia","Greens/EFA"
"m_707","Teresa JIMÉNEZ-BECERRIL BARRIO","Spain","EPP"
"m_708","Teresa RIERA MADURELL","Spain","S&D"
"m_709","Theodor Dumitru STOLOJAN","Romania","EPP"
"m_710","Theodoros SKYLAKAKIS","Greece","ALDE/ADLE"
"m_711","Thijs BERMAN","Netherlands","S&D"
"m_712","Thomas HÄNDEL","Germany","GUE-NGL"
"m_713","Thomas MANN","Germany","EPP"
"m_714","Thomas ULMER","Germany","EPP"
"m_715","Timothy KIRKHOPE","United Kingdom","ECR"
"m_716","Tiziano MOTTI","Italy","EPP"
"m_717","Toine MANDERS","Netherlands","ALDE/ADLE"
"m_718","Tokia SAÏFI","France","EPP"
"m_719","Tomasz Piotr PORĘBA","Poland","ECR"
"m_720","Tonino PICULA","Croatia","S&D"
"m_721","Traian UNGUREANU","Romania","EPP"
"m_722","Trevor COLMAN","United Kingdom","NI"
"m_723","Tunne KELAM","Estonia","EPP"
"m_724","Udo BULLMANN","Germany","S&D"
"m_725","Ulrike LUNACEK","Austria","Greens/EFA"
"m_726","Ulrike RODUST","Germany","S&D"
"m_727","Véronique DE KEYSER","Belgium","S&D"
"m_728","Véronique MATHIEU HOUILLON","France","EPP"
"m_729","Valdemar TOMAŠEVSKI","Lithuania","ECR"
"m_730","Vasilica Viorica DĂNCILĂ","Romania","S&D"
"m_731","Verónica LOPE FONTAGNÉ","Spain","EPP"
"m_732","Vicente Miguel GARCÉS RAMÓN","Spain","S&D"
"m_733","Vicky FORD","United Kingdom","ECR"
"m_734","Victor BOŞTINARU","Romania","S&D"
"m_735","Vilija BLINKEVIČIŪTĖ","Lithuania","S&D"
"m_736","Vilja SAVISAAR-TOOMAST","Estonia","ALDE/ADLE"
"m_737","Vincenzo IOVINE","Italy","S&D"
"m_738","Vital MOREIRA","Portugal","S&D"
"m_739","Vito BONSIGNORE","Italy","EPP"
"m_740","Vittorio PRODI","Italy","S&D"
"m_741","Vladimír MAŇKA","Slovakia","S&D"
"m_742","Vladimír REMEK","Czech Republic","GUE-NGL"
"m_743","Vladimir URUTCHEV","Bulgaria","EPP"
"m_744","Vladko Todorov PANAYOTOV","Bulgaria","ALDE/ADLE"
"m_745","Vojtěch MYNÁŘ","Czech Republic","S&D"
"m_746","Vytautas LANDSBERGIS","Lithuania","EPP"
"m_747","Werner KUHN","Germany","EPP"
"m_748","Werner LANGEN","Germany","EPP"
"m_749","Werner SCHULZ","Germany","Greens/EFA"
"m_750","William (The Earl of) DARTMOUTH","United Kingdom","EFD"
"m_751","Willy MEYER","Spain","GUE-NGL"
"m_752","Wim van de CAMP","Netherlands","EPP"
"m_753","Wojciech Michał OLEJNICZAK","Poland","S&D"
"m_754","Wolf KLINZ","Germany","ALDE/ADLE"
"m_755","Wolfgang KREISSL-DÖRFLER","Germany","S&D"
"m_756","Yannick JADOT","France","Greens/EFA"
"m_757","Younous OMARJEE","France","GUE-NGL"
"m_758","Yves COCHET","France","Greens/EFA"
"m_759","Zbigniew ZIOBRO","Poland","EFD"
"m_760","Zdravka BUŠIĆ","Croatia","EPP"
"m_761","Zigmantas BALČYTIS","Lithuania","S&D"
"m_762","Zita GURMAI","Hungary","S&D"
"m_763","Zofija MAZEJ KUKOVIČ","Slovenia","EPP"
"m_764","Zoltán BAGÓ","Hungary","EPP"
"m_765","Zuzana BRZOBOHATÁ","Czech Republic","S&D"
"m_766","Zuzana ROITHOVÁ","Czech Republic","EPP"
"m_767","Ana MIRANDA","Spain","Greens/EFA"
"m_768","Lothar BISKY","Germany","GUE-NGL"
"m_769","Ramona Nicole MĂNESCU","Romania","ALDE/ADLE"
"m_770","Íñigo MÉNDEZ DE VIGO","Spain","EPP"
"m_771","Alan KELLY","Ireland","S&D"
"m_772","Bairbre de BRÚN","United Kingdom","GUE-NGL"
"m_773","Barry MADLENER","Netherlands","NI"
"m_774","Carl HAGLUND","Finland","ALDE/ADLE"
"m_775","Catherine SOULLIE","France","EPP"
"m_776","Christophe BÉCHU","France","EPP"
"m_777","Cristian Silviu BUŞOI","Romania","ALDE/ADLE"
"m_778","Damien ABAD","France","EPP"
"m_779","Debora SERRACCHIANI","Italy","S&D"
"m_780","Diana WALLIS","United Kingdom","ALDE/ADLE"
"m_781","Dirk STERCKX","Belgium","ALDE/ADLE"
"m_782","Dominique BAUDIS","France","EPP"
"m_783","Edward SCICLUNA","Malta","S&D"
"m_784","Elie HOARAU","France","GUE-NGL"
"m_785","Elizabeth LYNNE","United Kingdom","ALDE/ADLE"
"m_786","Emil STOYANOV","Bulgaria","EPP"
"m_787","Ernst STRASSER","Austria","EPP"
"m_788","Estelle GRELIER","France","S&D"
"m_789","Eva-Britt SVENSSON","Sweden","GUE-NGL"
"m_790","Frieda BREPOELS","Belgium","Greens/EFA"
"m_791","Gabriele ALBERTINI","Italy","EPP"
"m_792","George BECALI","Romania","NI"
"m_793","Gianluca SUSTA","Italy","S&D"
"m_794","Giovanni COLLINO","Italy","EPP"
"m_795","Heidi HAUTALA","Finland","Greens/EFA"
"m_796","Hella RANNER","Austria","EPP"
"m_797","Ilda FIGUEIREDO","Portugal","GUE-NGL"
"m_798","Iliana IVANOVA","Bulgaria","EPP"
"m_799","Ioannis KASOULIDES","Cyprus","EPP"
"m_800","János ÁDER","Hungary","EPP"
"m_801","Jiří HAVEL","Czech Republic","S&D"
"m_802","Joe HIGGINS","Ireland","GUE-NGL"
"m_803","José Manuel GARCÍA-MARGALLO Y MARFIL","Spain","EPP"
"m_804","Kader ARIF","France","S&D"
"m_805","Kristian VIGENIN","Bulgaria","S&D"
"m_806","Kurt LECHNER","Germany","EPP"
"m_807","Kyriakos MAVRONIKOLAS","Cyprus","S&D"
"m_808","Lena EK","Sweden","ALDE/ADLE"
"m_809","Louis GRECH","Malta","S&D"
"m_810","Luigi de MAGISTRIS","Italy","ALDE/ADLE"
"m_811","Mario MAURO","Italy","EPP"
"m_812","Michail TREMOPOULOS","Greece","Greens/EFA"
"m_813","Miguel PORTAS","Portugal","GUE-NGL"
"m_814","Oriol JUNQUERAS VIES","Spain","Greens/EFA"
"m_815","Pascal CANFIN","France","Greens/EFA"
"m_816","Proinsias DE ROSSA","Ireland","S&D"
"m_817","Rosario CROCETTA","Italy","S&D"
"m_818","Rovana PLUMB","Romania","S&D"
"m_819","Simon BUSUTTIL","Malta","EPP"
"m_820","Stéphane LE FOLL","France","S&D"
"m_821","Stavros LAMBRINIDIS","Greece","S&D"
"m_822","Timo SOINI","Finland","EFD"
"m_823","Viktor USPASKICH","Lithuania","ALDE/ADLE"
"m_824","Ville ITÄLÄ","Finland","EPP"
"m_825","Vincent PEILLON","France","S&D"
"m_826","Zoran THALER","Slovenia","S&D"
"m_827","Pascale GRUNY","France","EPP"
"m_828","Ramón JÁUREGUI ATONDO","Spain","S&D"
"m_829","Enikő GYŐRI","Hungary","EPP"
"m_830","Magdalena ALVAREZ","Spain","S&D"
"m_831","Jeanine HENNIS-PLASSCHAERT","Netherlands","ALDE/ADLE"
"m_832","Louis BONTES","Netherlands","NI"
"m_833","Caroline LUCAS","United Kingdom","Greens/EFA"
"m_834","Pál SCHMITT","Hungary","EPP"
"m_835","Zoltán BALCZÓ","Hungary","NI"
"m_836","Janusz LEWANDOWSKI","Poland","EPP"
"m_837","Michel BARNIER","France","EPP"
"m_838","Athanasios PAFILIS","Greece","GUE-NGL"
"m_839","Athanasios PLEVRIS","Greece","EFD"
"m_840","Giorgos PAPAKONSTANTINOU","Greece","S&D"
